# gate	state	subject	evidence
G0	code-ready	feat(auth): make account keys primary and recoverable	server/packages/happy-app/sources/auth/accountKeyLifecycle.spec.ts
BRANDING	accepted	feat(brand): apply Hervald mark to Happy surfaces	branding/hervald-logo-mark-black.png
A2	accepted	build: make release artifacts reproducible	docs/build-provenance.md
A2	accepted	fix(build): stabilize Expo Hermes bytecode	server/patches/deterministic-expo-hermes-temp.cjs
A3	accepted	ops: isolate HappyHerd runtime state	docs/runtime-isolation.md
A4	accepted	docs: codify owned patch discipline	docs/patch-discipline.md
A5	code-ready	test(sync): add upstream rehearsal and contract suite	scripts/contract-suite.sh
A5	code-ready	fix(sync): honor upstream pnpm pin in contract suite	scripts/contract-suite.sh
A5	code-ready	fix(sync): exercise non-no-op upstream integration	scripts/test-upstream-sync-provenance.sh
